1498948661,4.2,4.28,3.24,3.4
1498948692,4.2,4.28,3.24,3.4
1498948723,4.12,4.2,3.24,3.4
1498948754,4.12,4.2,3.24,3.4
1498948784,4.12,4.2,3.24,3.4
1498948815,4.12,4.2,3.24,3.4
1498948845,4.12,4.2,3.24,3.4
1498948876,4.12,4.2,3.24,3.4
1498948907,4.12,4.2,3.24,3.4
1498948938,4.12,4.2,3.24,3.4
1498948968,4.12,4.2,3.24,3.4
1498948999,4.12,4.2,3.24,3.4
1498949029,4.12,4.2,3.24,3.4
1498949059,4.12,4.2,3.24,3.4
1498949089,4.12,4.2,3.24,3.4
1498949120,4.12,4.2,3.24,3.4
1498949150,4.12,4.2,3.24,3.4
1498949180,4.12,4.2,3.24,3.4
1498949210,4.12,4.2,3.24,3.4
1498949241,4.12,4.2,3.2,3.4
1498949271,4.12,4.2,3.24,3.4
1498949301,4.12,4.2,3.24,3.4
1498949332,4.12,4.2,3.24,3.44
1498949363,4.12,4.2,3.24,3.4
1498949393,4.12,4.2,3.24,3.44
1498949423,4.12,4.2,3.24,3.4
1498949454,4.12,4.2,3.24,3.4
1498949484,4.12,4.2,3.24,3.4
1498949515,4.08,4.2,3.24,3.44
1498949546,4.08,4.2,3.24,3.44
1498949576,4.08,4.2,3.24,3.4
1498949606,4.08,4.2,3.24,3.4
1498949637,4.08,4.2,3.24,3.4
1498949667,4.08,4.2,3.24,3.4
1498949698,4.12,4.2,3.24,3.4
1498949729,4.08,4.2,3.24,3.44
1498949759,4.08,4.2,3.24,3.4
1498949789,4.08,4.2,3.2,3.4
1498949820,4.08,4.2,3.24,3.44
1498949851,4.08,4.2,3.2,3.44
1498949881,4.08,4.2,3.24,3.4
1498949911,4.08,4.2,3.24,3.4
1498949942,4.08,4.16,3.24,3.4
1498949973,4.08,4.16,3.24,3.4
1498950003,4.08,4.16,3.24,3.4
1498950034,4.08,4.16,3.24,3.44
1498950064,4.08,4.16,3.24,3.4
1498950095,4.08,4.16,3.24,3.4
1498950126,4.08,4.16,3.2,3.4
1498950156,4.08,4.16,3.24,3.4
1498950186,4.08,4.16,3.24,3.4
1498950216,4.08,4.16,3.24,3.44
1498950247,4.08,4.16,3.24,3.44
1498950277,4.08,4.16,3.24,3.4
1498950308,4.08,4.16,3.24,3.4
1498950339,4.08,4.16,3.24,3.4
1498950369,4.08,4.16,3.24,3.4
1498950400,4.08,4.16,3.24,3.44
1498950431,4.08,4.16,3.24,3.4
1498950461,4.08,4.16,3.24,3.4
1498950491,4.08,4.16,3.24,3.4
1498950522,4.08,4.16,3.24,3.4
1498950553,4.08,4.16,3.24,3.4
1498950583,4.08,4.16,3.24,3.4
1498950614,4.08,4.16,3.24,3.4
1498950644,4.08,4.16,3.24,3.4
1498950674,4.08,4.16,3.24,3.4
1498950705,4.08,4.16,3.24,3.4
1498950735,4.08,4.16,3.24,3.4
1498950766,4.08,4.16,3.24,3.4
1498950797,4.08,4.16,3.24,3.4
1498950827,4.08,4.16,3.24,3.4
1498950857,4.08,4.16,3.2,3.4
1498950887,4.04,4.16,3.24,3.4
1498950918,4.08,4.16,3.24,3.4
1498950948,4.04,4.16,3.24,3.4
1498950978,4.08,4.16,3.24,3.4
1498951008,4.08,4.16,3.24,3.4
1498951039,4.08,4.16,3.2,3.44
1498951070,4.04,4.16,3.24,3.4
1498951100,4.04,4.16,3.24,3.4
1498951131,4.04,4.16,3.24,3.4
1498951161,4.04,4.16,3.24,3.44
1498951192,4.04,4.16,3.24,3.4
1498951222,4.04,4.16,3.24,3.4
1498951253,4.04,4.16,3.24,3.4
1498951283,4.04,4.16,3.2,3.4
1498951313,4.04,4.16,3.24,3.4
1498951344,4.04,4.12,3.24,3.4
1498951374,4.04,4.16,3.24,3.4
1498951405,4.04,4.16,3.24,3.4
1498951435,4.04,4.16,3.2,3.4
1498951465,4.04,4.12,3.24,3.4
1498951496,4.04,4.16,3.24,3.4
1498951527,4.04,4.12,3.24,3.4
1498951557,4.04,4.12,3.24,3.4
1498951588,4.04,4.12,3.2,3.4
1498951618,4.04,4.12,3.24,3.4
1498951649,4.04,4.12,3.24,3.4
1498951679,4.04,4.12,3.24,3.4
1498951710,4.04,4.12,3.24,3.4
1498951741,4.04,4.12,3.24,3.4
1498951771,4.04,4.12,3.2,3.4
1498951802,4.04,4.12,3.24,3.4
1498951832,4.04,4.12,3.24,3.4
1498951862,4.04,4.12,3.24,3.44
1498951892,4.04,4.12,3.24,3.44
1498951923,4.04,4.12,3.24,3.4
1498951953,4.04,4.12,3.24,3.44
1498951984,4.04,4.12,3.24,3.44
1498952014,4.04,4.12,3.24,3.4
1498952044,4.04,4.12,3.24,3.44
1498952074,4.04,4.12,3.24,3.4
1498952105,4.04,4.12,3.24,3.4
1498952135,4.04,4.12,3.2,3.4
1498952166,4.04,4.12,3.24,3.4
1498952196,4.04,4.12,3.24,3.4
1498952227,4.04,4.12,3.24,3.4
1498952257,4.04,4.12,3.24,3.4
1498952287,4.04,4.12,3.24,3.4
1498952318,4.04,4.12,3.24,3.4
1498952348,4.04,4.12,3.24,3.4
1498952378,4.04,4.12,3.24,3.4
1498952408,4.04,4.12,3.24,3.4
1498952439,4.04,4.12,3.24,3.4
1498952469,4.04,4.12,3.24,3.4
1498952500,4.04,4.12,3.24,3.4
1498952530,4.04,4.12,3.24,3.4
1498952560,4.04,4.12,3.24,3.4
1498952590,4.04,4.12,3.24,3.4
1498952621,4.04,4.12,3.24,3.4
1498952651,4.04,4.12,3.24,3.4
1498952682,4.04,4.12,3.24,3.4
1498952712,4.04,4.12,3.2,3.4
1498952743,4.04,4.12,3.24,3.4
1498952773,4.0,4.12,3.24,3.4
1498952803,3.96,4.12,3.24,3.4
1498952834,4.0,4.12,3.24,3.4
1498952864,4.0,4.12,3.24,3.4
1498952894,3.96,4.12,3.24,3.44
1498952925,4.0,4.12,3.2,3.4
1498952955,3.96,4.08,3.24,3.4
1498952986,3.96,4.08,3.24,3.4
1498953016,3.96,4.08,3.24,3.4
1498953046,3.96,4.12,3.24,3.4
1498953077,3.96,4.08,3.24,3.4
1498953107,3.96,4.08,3.24,3.4
1498953138,3.96,4.08,3.24,3.4
1498953168,4.0,4.08,3.24,3.4
1498953199,3.96,4.08,3.24,3.4
1498953229,3.96,4.08,3.24,3.4
1498953259,3.96,4.08,3.24,3.4
1498953289,3.96,4.08,3.24,3.4
1498953320,3.96,4.08,3.24,3.4
1498953351,3.96,4.08,3.24,3.4
1498953381,3.96,4.08,3.24,3.4
1498953411,3.96,4.08,3.24,3.4
1498953442,3.96,4.08,3.2,3.44
1498953472,3.96,4.08,3.24,3.4
1498953502,3.96,4.08,3.24,3.4
1498953532,3.96,4.08,3.24,3.4
1498953563,3.96,4.08,3.24,3.4
1498953593,3.96,4.08,3.24,3.4
1498953624,3.96,4.08,3.24,3.4
1498953654,3.96,4.08,3.24,3.4
1498953684,3.96,4.08,3.24,3.4
1498953714,3.96,4.08,3.24,3.4
1498953745,3.96,4.08,3.24,3.4
1498953775,3.96,4.08,3.24,3.4
1498953806,3.96,4.08,3.2,3.4
1498953836,3.96,4.08,3.24,3.4
1498953866,3.96,4.08,3.24,3.4
1498953897,3.96,4.08,3.24,3.4
1498953927,3.96,4.08,3.24,3.4
1498953958,3.96,4.08,3.24,3.4
1498953989,3.96,4.08,3.24,3.4
1498954019,3.96,4.08,3.24,3.44
1498954049,3.96,4.08,3.24,3.4
1498954080,3.96,4.08,3.24,3.4
1498954110,3.96,4.08,3.24,3.4
1498954141,3.96,4.08,3.24,3.44
1498954171,3.96,4.08,3.24,3.4
1498954201,3.96,4.08,3.24,3.4
1498954232,3.96,4.08,3.24,3.4
1498954262,3.96,4.08,3.24,3.4
1498954292,3.96,4.08,3.24,3.4
1498954323,3.96,4.08,3.24,3.4
1498954354,3.96,4.08,3.24,3.4
1498954384,3.96,4.08,3.24,3.4
1498954415,3.96,4.04,3.24,3.4
1498954445,3.92,4.04,3.24,3.4
1498954475,3.92,4.04,3.24,3.4
1498954505,3.92,4.04,3.24,3.4
1498954535,3.96,4.04,3.24,3.4
1498954566,3.92,4.04,3.2,3.4
1498954596,3.92,4.04,3.24,3.4
1498954627,3.92,4.04,3.2,3.4
1498954657,3.92,4.04,3.24,3.4
1498954688,3.92,4.04,3.24,3.44
1498954718,3.92,4.04,3.24,3.4
1498954749,3.92,4.04,3.2,3.4
1498954779,3.92,4.04,3.24,3.4
1498954810,3.92,4.0,3.24,3.4
1498954840,3.92,4.04,3.24,3.4
1498954871,3.92,4.0,3.24,3.4
1498954901,3.92,4.0,3.24,3.4
1498954932,3.92,4.0,3.24,3.4
1498954962,3.92,4.0,3.24,3.4
1498954993,3.92,4.0,3.24,3.44
1498955023,3.92,4.0,3.24,3.4
1498955054,3.92,4.0,3.24,3.4
1498955084,3.92,4.0,3.24,3.4
1498955114,3.92,4.0,3.24,3.4
1498955145,3.92,4.0,3.24,3.4
1498955175,3.92,4.0,3.24,3.4
1498955206,3.92,4.0,3.2,3.4
1498955237,3.92,4.0,3.24,3.4
1498955267,3.92,4.0,3.24,3.4
1498955297,3.92,4.0,3.24,3.4
1498955327,3.92,4.0,3.24,3.4
1498955357,3.92,4.0,3.24,3.4
1498955388,3.92,4.0,3.24,3.44
1498955418,3.92,4.0,3.24,3.4
1498955449,3.92,4.0,3.24,3.44
1498955479,3.92,4.0,3.24,3.4
1498955509,3.92,4.0,3.24,3.44
1498955540,3.92,4.0,3.24,3.44
1498955570,3.92,4.0,3.24,3.44
1498955600,3.92,4.0,3.24,3.4
1498955631,3.92,4.0,3.24,3.4
1498955661,3.92,4.0,3.24,3.44
1498955691,3.92,4.0,3.24,3.4
1498955722,3.92,4.0,3.24,3.4
1498955753,3.92,4.0,3.24,3.4
1498955783,3.92,4.0,3.24,3.4
1498955813,3.92,4.0,3.24,3.4
1498955843,3.92,4.0,3.24,3.4
1498955874,3.92,4.0,3.24,3.4
1498955904,3.92,4.0,3.24,3.4
1498955935,3.92,4.0,3.24,3.4
1498955965,3.92,4.0,3.24,3.4
1498955995,3.92,4.0,3.24,3.4
1498956025,3.92,4.0,3.24,3.4
1498956056,3.92,4.0,3.24,3.44
1498956086,3.92,4.0,3.24,3.4
1498956116,3.92,4.0,3.24,3.44
1498956146,3.92,4.0,3.24,3.4
1498956177,3.92,4.0,3.24,3.4
1498956208,3.92,4.0,3.24,3.4
1498956238,3.92,4.0,3.24,3.4
1498956268,3.92,4.0,3.24,3.4
1498956299,3.92,4.0,3.24,3.4
1498956329,3.92,4.0,3.24,3.4
1498956360,3.92,4.0,3.24,3.4
1498956390,3.92,4.0,3.24,3.4
1498956421,3.92,4.0,3.24,3.4
1498956452,3.92,4.0,3.24,3.4
1498956482,3.92,4.0,3.24,3.4
1498956513,3.92,4.0,3.24,3.4
1498956543,3.88,4.0,3.24,3.4
1498956574,3.92,4.0,3.24,3.4
1498956604,3.88,4.0,3.24,3.4
1498956634,3.92,4.0,3.24,3.4
1498956665,3.92,4.0,3.24,3.4
1498956695,3.92,4.0,3.24,3.4
1498956849,3.88,4.0,3.24,3.44
1498956879,3.88,4.0,3.24,3.4
1498956909,3.88,4.0,3.24,3.4
1498956939,3.88,4.0,3.24,3.4
1498956970,3.88,4.0,3.24,3.4
1498957000,3.88,4.0,3.24,3.4
1498957031,3.88,4.0,3.24,3.4
1498957061,3.88,3.96,3.24,3.4
1498957091,3.88,3.96,3.24,3.4
1498957121,3.88,3.96,3.24,3.4
1498957152,3.88,3.96,3.24,3.4
1498957182,3.88,3.96,3.24,3.4
1498957212,3.88,3.96,3.24,3.4
1498957243,3.88,3.96,3.24,3.4
1498957273,3.88,3.96,3.24,3.4
1498957304,3.88,3.96,3.24,3.4
1498957334,3.88,3.96,3.24,3.4
1498957365,3.88,3.96,3.24,3.4
1498957395,3.88,3.96,3.2,3.4
1498957425,3.88,3.96,3.24,3.4
1498957456,3.88,3.96,3.24,3.44
1498957487,3.88,3.96,3.24,3.4
1498957517,3.88,3.96,3.24,3.4
1498957548,3.88,3.96,3.24,3.4
1498957578,3.88,3.96,3.24,3.4
1498957608,3.88,3.96,3.24,3.4
1498957639,3.88,3.96,3.24,3.4
1498957670,3.88,3.96,3.24,3.4
1498957700,3.88,3.96,3.24,3.4
1498957730,3.88,3.96,3.2,3.4
1498957760,3.88,3.96,3.24,3.4
1498957791,3.88,3.96,3.24,3.4
1498957822,3.88,3.96,3.24,3.4
1498957853,3.88,3.96,3.24,3.4
1498957884,3.88,3.96,3.24,3.4
1498957915,3.88,3.96,3.24,3.4
1498957945,3.88,3.96,3.24,3.4
1498957976,3.88,3.96,3.24,3.4
1498958006,3.88,3.96,3.24,3.4
1498958037,3.88,3.96,3.24,3.4
1498958068,3.88,3.96,3.24,3.4
1498958098,3.88,3.96,3.2,3.4
1498958129,3.88,3.96,3.24,3.4
1498958159,3.88,3.96,3.24,3.4
1498958189,3.88,3.96,3.2,3.44
1498958220,3.88,3.96,3.24,3.44
1498958250,3.88,3.96,3.24,3.4
1498958281,3.88,3.96,3.24,3.4
1498958311,3.88,3.96,3.24,3.44
1498958341,3.88,3.96,3.24,3.4
1498958371,3.88,3.96,3.2,3.4
1498958402,3.88,3.96,3.24,3.4
1498958432,3.88,3.96,3.24,3.4
1498958462,3.88,3.96,3.24,3.4
1498958492,3.88,3.96,3.24,3.4
1498958523,3.88,3.96,3.24,3.4
1498958553,3.88,3.96,3.24,3.4
1498958583,3.88,3.96,3.24,3.4
1498958614,3.84,3.96,3.24,3.4
1498958644,3.84,3.96,3.24,3.4
1498958674,3.88,3.96,3.2,3.4
1498958705,3.88,3.96,3.24,3.4
1498958736,3.88,3.96,3.24,3.4
1498958766,3.84,3.96,3.2,3.44
1498958796,3.84,3.96,3.24,3.4
1498958827,3.84,3.96,3.24,3.4
1498958857,3.84,3.96,3.24,3.4
1498958887,3.84,3.96,3.2,3.44
1498958917,3.84,3.96,3.24,3.4
1498958948,3.84,3.96,3.24,3.4
1498958978,3.84,3.96,3.24,3.4
1498959008,3.84,3.92,3.2,3.4
1498959038,3.84,3.92,3.2,3.4
1498959068,3.84,3.92,3.24,3.4
1498959099,3.84,3.96,3.24,3.4
1498959129,3.84,3.92,3.24,3.4
1498959160,3.84,3.92,3.24,3.4
1498959190,3.84,3.92,3.24,3.44
1498959221,3.84,3.92,3.24,3.4
1498959251,3.84,3.92,3.24,3.4
1498959281,3.84,3.92,3.24,3.44
1498959312,3.84,3.92,3.2,3.4
1498959342,3.84,3.92,3.2,3.44
1498959373,3.84,3.92,3.2,3.4
1498959403,3.84,3.92,3.24,3.4
1498959433,3.84,3.92,3.2,3.4
1498959463,3.84,3.92,3.24,3.44
1498959494,3.84,3.92,3.24,3.44
1498959524,3.84,3.92,3.24,3.4
1498959555,3.84,3.92,3.24,3.4
1498959585,3.84,3.92,3.24,3.44
1498959615,3.84,3.92,3.24,3.4
1498959646,3.84,3.92,3.2,3.44
1498959676,3.84,3.92,3.2,3.44
1498959707,3.84,3.92,3.2,3.44
1498959737,3.84,3.92,3.2,3.4
1498959767,3.84,3.92,3.2,3.4
1498959798,3.84,3.92,3.24,3.4
1498959828,3.84,3.92,3.24,3.4
1498959858,3.84,3.92,3.24,3.4
1498959889,3.84,3.92,3.2,3.4
1498959919,3.84,3.92,3.24,3.4
1498959950,3.84,3.92,3.24,3.4
1498959980,3.84,3.92,3.24,3.44
1498960011,3.84,3.92,3.24,3.4
1498960041,3.84,3.92,3.24,3.4
1498960072,3.84,3.92,3.24,3.4
1498960103,3.84,3.92,3.24,3.44
1498960133,3.84,3.92,3.24,3.4
1498960164,3.84,3.92,3.2,3.44
1498960194,3.84,3.92,3.24,3.4
1498960225,3.84,3.92,3.24,3.4
1498960255,3.84,3.92,3.24,3.4
1498960286,3.84,3.92,3.2,3.4
1498960316,3.84,3.92,3.2,3.4
1498960347,3.84,3.92,3.24,3.4
1498960377,3.84,3.92,3.24,3.4
1498960407,3.84,3.92,3.24,3.4
1498960438,3.84,3.92,3.24,3.44
1498960468,3.84,3.92,3.24,3.44
1498960499,3.84,3.92,3.2,3.4
1498960529,3.84,3.92,3.24,3.4
1498960560,3.84,3.92,3.24,3.4
1498960590,3.84,3.92,3.24,3.4
1498960620,3.84,3.92,3.24,3.4
1498960650,3.84,3.92,3.24,3.4
1498960681,3.84,3.92,3.24,3.4
1498960711,3.84,3.92,3.2,3.4
1498960741,3.84,3.92,3.2,3.44
1498960771,3.84,3.92,3.24,3.4
1498960802,3.8,3.92,3.2,3.4
1498960832,3.84,3.92,3.2,3.44
1498960863,3.8,3.92,3.24,3.4
1498960893,3.8,3.92,3.2,3.44
1498960923,3.8,3.92,3.24,3.4
1498960954,3.8,3.92,3.24,3.4
1498960985,3.8,3.92,3.24,3.44
1498961015,3.8,3.92,3.2,3.44
1498961046,3.8,3.92,3.24,3.4
1498961076,3.8,3.92,3.24,3.4
1498961107,3.8,3.92,3.2,3.44
1498961138,3.8,3.92,3.24,3.4
1498961168,3.8,3.92,3.24,3.4
1498961198,3.8,3.92,3.2,3.4
1498961228,3.8,3.92,3.2,3.44
1498961259,3.8,3.92,3.24,3.4
1498961289,3.8,3.88,3.24,3.4
1498961320,3.8,3.88,3.24,3.4
1498961350,3.8,3.88,3.2,3.44
1498961381,3.8,3.88,3.24,3.4
1498961411,3.8,3.88,3.24,3.4
1498961442,3.8,3.88,3.24,3.4
1498961472,3.8,3.88,3.2,3.44
1498961502,3.8,3.88,3.24,3.4
1498961533,3.8,3.88,3.24,3.4
1498961563,3.8,3.88,3.2,3.4
1498961594,3.8,3.88,3.24,3.4
1498961625,3.8,3.88,3.24,3.44
1498961655,3.8,3.88,3.24,3.4
1498961685,3.8,3.88,3.2,3.4
1498961716,3.8,3.88,3.24,3.4
1498961746,3.8,3.88,3.2,3.4
1498961777,3.8,3.88,3.24,3.4
1498961808,3.8,3.88,3.2,3.44
1498961838,3.8,3.88,3.24,3.4
1498961869,3.8,3.88,3.2,3.4
1498961899,3.8,3.88,3.24,3.4
1498961930,3.8,3.88,3.24,3.4
1498961960,3.8,3.88,3.24,3.44
1498961990,3.8,3.88,3.24,3.4
1498962021,3.8,3.88,3.24,3.4
1498962052,3.8,3.88,3.2,3.44
1498962082,3.8,3.88,3.2,3.4
1498962112,3.8,3.88,3.24,3.4
1498962143,3.8,3.88,3.24,3.4
1498962174,3.8,3.88,3.24,3.4
1498962204,3.8,3.88,3.24,3.4
1498962234,3.8,3.88,3.2,3.44
1498962265,3.8,3.88,3.24,3.44
1498962295,3.8,3.88,3.24,3.4
1498962326,3.8,3.88,3.2,3.44
1498962356,3.8,3.88,3.2,3.4
1498962387,3.8,3.88,3.24,3.4
1498962418,3.8,3.88,3.24,3.4
1498962448,3.8,3.88,3.24,3.4
1498962479,3.8,3.88,3.24,3.4
1498962509,3.8,3.88,3.24,3.44
1498962540,3.8,3.88,3.24,3.44
1498962570,3.8,3.88,3.24,3.4
1498962600,3.8,3.88,3.24,3.4
1498962631,3.8,3.88,3.24,3.4
1498962661,3.8,3.88,3.24,3.4
1498962692,3.8,3.88,3.24,3.4
1498962722,3.8,3.88,3.24,3.4
1498962752,3.8,3.88,3.24,3.4
1498962783,3.8,3.88,3.2,3.44
1498962813,3.8,3.88,3.2,3.44
1498962843,3.8,3.88,3.24,3.4
1498962873,3.8,3.88,3.24,3.4
1498962904,3.8,3.88,3.24,3.4
1498962934,3.8,3.88,3.24,3.4
1498962964,3.8,3.88,3.2,3.44
1498962995,3.8,3.88,3.2,3.44
1498963025,3.8,3.88,3.24,3.4
1498963056,3.8,3.88,3.2,3.44
1498963086,3.8,3.88,3.2,3.4
1498963117,3.8,3.88,3.24,3.4
1498963147,3.8,3.88,3.24,3.4
1498963177,3.8,3.88,3.2,3.44
1498963207,3.8,3.88,3.2,3.44
1498963237,3.8,3.88,3.24,3.44
1498963268,3.8,3.88,3.24,3.44
1498963298,3.8,3.88,3.24,3.4
1498963328,3.8,3.88,3.2,3.4
1498963358,3.8,3.88,3.24,3.4
1498963389,3.8,3.88,3.24,3.4
1498963419,3.76,3.88,3.24,3.4
1498963449,3.8,3.88,3.2,3.44
1498963480,3.8,3.88,3.24,3.4
1498963510,3.8,3.88,3.24,3.44
1498963541,3.8,3.88,3.24,3.4
1498963571,3.8,3.88,3.24,3.4
1498963602,3.8,3.88,3.24,3.4
1498963632,3.76,3.88,3.2,3.44
1498963663,3.76,3.88,3.2,3.4
1498963693,3.8,3.88,3.24,3.44
1498963723,3.76,3.88,3.24,3.4
1498963754,3.8,3.88,3.24,3.44
1498963784,3.76,3.88,3.24,3.4
1498963814,3.8,3.88,3.24,3.4
1498963845,3.8,3.88,3.2,3.44
1498963875,3.76,3.88,3.24,3.4
1498963906,3.76,3.88,3.2,3.4
1498963936,3.76,3.88,3.2,3.44
1498963967,3.76,3.84,3.24,3.4
1498963997,3.76,3.88,3.2,3.44
1498964028,3.76,3.88,3.2,3.4
1498964059,3.76,3.88,3.24,3.44
1498964089,3.76,3.88,3.2,3.44
1498964119,3.76,3.88,3.24,3.4
1498964150,3.76,3.88,3.24,3.44
1498964180,3.76,3.88,3.24,3.4
1498964210,3.76,3.88,3.2,3.4
1498964241,3.76,3.88,3.24,3.4
1498964272,3.76,3.84,3.24,3.44
1498964302,3.76,3.88,3.24,3.44
1498964333,3.76,3.88,3.24,3.44
1498964363,3.76,3.88,3.24,3.4
1498964393,3.76,3.88,3.2,3.44
1498964424,3.76,3.88,3.24,3.4
1498964454,3.76,3.88,3.24,3.4
1498964485,3.76,3.88,3.24,3.4
1498964515,3.76,3.88,3.2,3.4
1498964546,3.76,3.84,3.2,3.44
1498964577,3.76,3.84,3.24,3.4
1498964607,3.76,3.84,3.2,3.4
1498964637,3.76,3.84,3.2,3.4
1498964668,3.76,3.84,3.2,3.44
1498964698,3.76,3.88,3.2,3.44
1498964728,3.76,3.84,3.2,3.4
1498964759,3.76,3.84,3.2,3.4
1498964790,3.76,3.84,3.24,3.4
1498964820,3.76,3.84,3.24,3.44
1498964851,3.76,3.84,3.24,3.4
1498964881,3.76,3.84,3.24,3.4
1498964911,3.76,3.84,3.24,3.4
1498964941,3.76,3.84,3.2,3.44
1498964971,3.76,3.88,3.2,3.44
1498965002,3.76,3.84,3.24,3.4
1498965033,3.76,3.84,3.24,3.4
1498965063,3.76,3.84,3.24,3.4
1498965093,3.76,3.84,3.24,3.4
1498965124,3.76,3.84,3.24,3.44
1498965154,3.76,3.84,3.24,3.4
1498965184,3.76,3.84,3.24,3.4
1498965215,3.76,3.84,3.24,3.4
1498965245,3.76,3.84,3.24,3.4
1498965276,3.76,3.84,3.24,3.44
1498965306,3.76,3.84,3.2,3.4
1498965336,3.76,3.84,3.24,3.4
1498965367,3.76,3.84,3.24,3.44
1498965397,3.76,3.84,3.24,3.4
1498965427,3.76,3.84,3.24,3.4
1498965457,3.76,3.84,3.24,3.4
1498965488,3.76,3.84,3.24,3.4
1498965518,3.76,3.84,3.24,3.44
1498965549,3.76,3.84,3.24,3.4
1498965579,3.76,3.84,3.2,3.44
1498965610,3.76,3.84,3.24,3.4
1498965640,3.76,3.84,3.24,3.4
1498965671,3.76,3.84,3.2,3.4
1498965701,3.76,3.84,3.2,3.4
1498965732,3.76,3.84,3.24,3.4
1498965762,3.76,3.84,3.24,3.4
1498965793,3.76,3.84,3.24,3.4
1498965823,3.76,3.84,3.24,3.4
1498965854,3.76,3.84,3.2,3.4
1498965884,3.76,3.84,3.2,3.44
1498965915,3.76,3.84,3.2,3.44
1498965945,3.76,3.84,3.24,3.44
1498965975,3.76,3.84,3.24,3.4
1498966006,3.76,3.84,3.24,3.4
1498966036,3.76,3.84,3.24,3.44
1498966067,3.76,3.84,3.2,3.4
1498966097,3.72,3.84,3.2,3.4
1498966128,3.76,3.84,3.24,3.4
1498966158,3.76,3.84,3.24,3.4
1498966189,3.76,3.84,3.24,3.4
1498966219,3.76,3.84,3.24,3.4
1498966250,3.76,3.84,3.24,3.4
1498966280,3.76,3.84,3.24,3.4
1498966310,3.76,3.84,3.24,3.4
1498966341,3.76,3.84,3.24,3.4
1498966371,3.76,3.84,3.24,3.4
1498966401,3.76,3.84,3.24,3.4
1498966432,3.76,3.84,3.24,3.4
1498966463,3.76,3.84,3.24,3.4
1498966493,3.76,3.84,3.24,3.44
1498966524,3.76,3.84,3.24,3.4
1498966554,3.76,3.84,3.2,3.4
1498966585,3.76,3.84,3.24,3.4
1498966615,3.76,3.84,3.2,3.44
1498966646,3.76,3.84,3.24,3.4
1498966676,3.76,3.84,3.24,3.4
1498966706,3.76,3.84,3.24,3.4
1498966737,3.76,3.84,3.24,3.44
1498966767,3.76,3.84,3.24,3.4
1498966798,3.76,3.84,3.24,3.4
1498966828,3.76,3.84,3.24,3.4
1498966858,3.76,3.84,3.24,3.4
1498966889,3.76,3.84,3.24,3.4
1498966920,3.76,3.84,3.24,3.4
1498966950,3.76,3.84,3.2,3.4
1498966981,3.76,3.84,3.24,3.4
1498967012,3.76,3.84,3.2,3.4
1498967042,3.76,3.84,3.24,3.4
1498967073,3.76,3.84,3.24,3.4
1498967103,3.76,3.84,3.24,3.44
1498967134,3.76,3.84,3.24,3.4
1498967165,3.76,3.84,3.24,3.4
1498967195,3.76,3.84,3.24,3.4
1498967225,3.76,3.84,3.24,3.4
1498967256,3.76,3.84,3.24,3.4
1498967286,3.76,3.84,3.24,3.4
1498967317,3.76,3.84,3.24,3.4
1498967348,3.76,3.84,3.24,3.4
1498967378,3.76,3.84,3.24,3.4
1498967408,3.76,3.84,3.2,3.4
1498967439,3.76,3.84,3.24,3.4
1498967469,3.76,3.84,3.24,3.4
1498967499,3.76,3.84,3.24,3.4
1498967530,3.76,3.84,3.24,3.4
1498967560,3.76,3.84,3.24,3.4
1498967590,3.76,3.84,3.24,3.4
1498967620,3.76,3.84,3.24,3.4
1498967651,3.76,3.84,3.24,3.4
1498967681,3.76,3.84,3.24,3.4
1498967712,3.76,3.84,3.24,3.44
1498967742,3.76,3.84,3.24,3.4
1498967773,3.76,3.84,3.24,3.4
1498967803,3.76,3.84,3.24,3.44
1498967834,3.76,3.84,3.24,3.4
1498967864,3.76,3.84,3.24,3.4
1498967895,3.76,3.84,3.24,3.4
1498967925,3.76,3.84,3.24,3.4
1498967956,3.76,3.84,3.24,3.4
1498967987,3.76,3.84,3.24,3.44
1498968018,3.76,3.84,3.24,3.4
1498968048,3.76,3.84,3.24,3.4
1498968078,3.76,3.84,3.24,3.4
1498968109,3.76,3.84,3.2,3.4
1498968140,3.76,3.84,3.24,3.4
1498968170,3.76,3.84,3.24,3.4
1498968200,3.76,3.84,3.24,3.4
1498968231,3.76,3.84,3.24,3.4
1498968261,3.76,3.84,3.24,3.4
1498968291,3.76,3.84,3.24,3.4
1498968321,3.76,3.84,3.2,3.4
1498968352,3.76,3.84,3.24,3.4
1498968382,3.76,3.84,3.24,3.4
1498968412,3.76,3.84,3.24,3.4
1498968443,3.76,3.84,3.24,3.4
1498968473,3.76,3.84,3.24,3.4
1498968503,3.76,3.84,3.24,3.4
1498968534,3.76,3.84,3.24,3.4
1498968564,3.76,3.84,3.2,3.4
1498968595,3.76,3.84,3.24,3.4
1498968625,3.76,3.84,3.24,3.4
1498968656,3.76,3.84,3.24,3.4
1498968686,3.76,3.84,3.24,3.44
1498968716,3.76,3.84,3.24,3.4
1498968746,3.76,3.84,3.24,3.4
1498968777,3.76,3.84,3.2,3.4
1498968807,3.72,3.84,3.24,3.4
1498968837,3.76,3.84,3.24,3.4
1498968868,3.76,3.84,3.24,3.4
1498968899,3.76,3.84,3.24,3.4
1498968929,3.76,3.84,3.2,3.4
1498968959,3.76,3.84,3.2,3.4
1498968990,3.72,3.84,3.24,3.4
1498969020,3.76,3.84,3.24,3.4
1498969050,3.72,3.84,3.24,3.4
1498969080,3.72,3.84,3.24,3.44
1498969111,3.76,3.84,3.24,3.4
1498969142,3.76,3.84,3.24,3.4
1498969172,3.76,3.84,3.24,3.4
1498969202,3.76,3.84,3.24,3.4
1498969232,3.76,3.84,3.2,3.4
1498969262,3.76,3.84,3.2,3.44
1498969293,3.76,3.84,3.24,3.4
1498969324,3.76,3.84,3.24,3.4
1498969354,3.76,3.84,3.24,3.4
1498969385,3.76,3.84,3.24,3.4
1498969416,3.76,3.84,3.2,3.4
1498969447,3.72,3.84,3.24,3.4
1498969477,3.76,3.84,3.24,3.4
1498969508,3.72,3.84,3.24,3.4
1498969538,3.72,3.84,3.24,3.4
1498969569,3.76,3.84,3.24,3.44
1498969599,3.76,3.84,3.24,3.4
1498969629,3.72,3.84,3.24,3.4
1498969660,3.76,3.84,3.24,3.4
1498969690,3.72,3.84,3.24,3.4
1498969720,3.72,3.84,3.2,3.4
1498969751,3.76,3.84,3.24,3.4
1498969782,3.72,3.84,3.24,3.4
1498969812,3.76,3.84,3.2,3.4
1498969842,3.72,3.84,3.24,3.4
1498969872,3.72,3.84,3.24,3.4
1498969903,3.72,3.84,3.24,3.4
1498969933,3.72,3.84,3.24,3.4
1498969964,3.72,3.84,3.24,3.4
1498969995,3.72,3.84,3.24,3.4
1498970025,3.72,3.84,3.2,3.4
1498970056,3.72,3.84,3.24,3.4
1498970087,3.72,3.84,3.24,3.4
1498970117,3.72,3.84,3.24,3.4
1498970148,3.72,3.8,3.24,3.4
1498970178,3.72,3.84,3.24,3.4
1498970208,3.72,3.8,3.2,3.4
1498970239,3.72,3.84,3.24,3.4
1498970269,3.72,3.8,3.24,3.4
1498970300,3.76,3.84,3.2,3.4
1498970330,3.72,3.84,3.2,3.4
1498970360,3.72,3.84,3.24,3.4
1498970391,3.72,3.8,3.24,3.4
1498970421,3.72,3.8,3.24,3.4
1498970452,3.72,3.84,3.24,3.4
1498970482,3.72,3.84,3.2,3.44
1498970513,3.72,3.8,3.24,3.4
1498970543,3.72,3.84,3.24,3.4
1498970573,3.72,3.84,3.24,3.4
1498970604,3.72,3.84,3.24,3.4
1498970634,3.72,3.84,3.24,3.4
1498970664,3.72,3.8,3.2,3.4
1498970694,3.72,3.84,3.24,3.4
1498970724,3.72,3.84,3.24,3.44
1498970754,3.72,3.84,3.24,3.4
1498970785,3.72,3.8,3.24,3.44
1498970815,3.72,3.8,3.24,3.44
1498970846,3.72,3.8,3.24,3.4
1498970876,3.72,3.8,3.24,3.4
1498970906,3.72,3.8,3.2,3.4
1498970937,3.72,3.8,3.24,3.4
1498970967,3.72,3.8,3.24,3.4
1498970998,3.72,3.8,3.24,3.4
1498971029,3.72,3.8,3.24,3.4
1498971059,3.72,3.8,3.24,3.4
1498971089,3.72,3.8,3.24,3.4
1498971119,3.72,3.8,3.24,3.4
1498971150,3.72,3.8,3.2,3.4
1498971180,3.72,3.8,3.2,3.44
1498971211,3.72,3.8,3.24,3.4
1498971242,3.72,3.8,3.24,3.4
1498971272,3.72,3.8,3.24,3.44
1498971303,3.72,3.8,3.24,3.4
1498971333,3.72,3.8,3.24,3.4
1498971364,3.72,3.8,3.24,3.4
1498971395,3.72,3.8,3.24,3.4
1498971425,3.72,3.8,3.2,3.4
1498971456,3.72,3.8,3.24,3.4
1498971486,3.72,3.8,3.24,3.44
1498971517,3.72,3.8,3.2,3.4
1498971547,3.72,3.8,3.2,3.4
1498971577,3.72,3.8,3.24,3.4
1498971608,3.72,3.8,3.24,3.4
1498971639,3.72,3.8,3.24,3.4
1498971669,3.72,3.8,3.24,3.4
1498971699,3.72,3.8,3.24,3.4
1498971730,3.72,3.8,3.2,3.4
1498971760,3.72,3.8,3.24,3.4
1498971790,3.72,3.8,3.2,3.4
1498971821,3.72,3.8,3.24,3.4
1498971852,3.72,3.8,3.2,3.4
1498971882,3.72,3.8,3.24,3.4
1498971913,3.72,3.8,3.24,3.4
1498971943,3.72,3.8,3.24,3.4
1498971973,3.72,3.8,3.2,3.4
1498972003,3.72,3.8,3.2,3.44
1498972034,3.72,3.8,3.2,3.44
1498972064,3.72,3.8,3.24,3.4
1498972094,3.72,3.8,3.24,3.4
1498972124,3.72,3.8,3.24,3.44
1498972155,3.72,3.8,3.2,3.4
1498972185,3.72,3.8,3.24,3.4
1498972216,3.72,3.8,3.24,3.4
1498972247,3.72,3.8,3.2,3.4
1498972277,3.72,3.8,3.24,3.4
1498972308,3.72,3.8,3.24,3.4
1498972338,3.72,3.8,3.24,3.4
1498972368,3.72,3.8,3.24,3.4
1498972399,3.72,3.8,3.24,3.44
1498972429,3.72,3.8,3.24,3.4
1498972459,3.72,3.8,3.24,3.4
1498972490,3.72,3.8,3.24,3.4
1498972520,3.72,3.8,3.24,3.44
1498972551,3.72,3.8,3.24,3.4
1498972581,3.72,3.8,3.24,3.4
1498972611,3.72,3.8,3.2,3.44
1498972642,3.72,3.8,3.24,3.4
1498972672,3.72,3.8,3.24,3.4
1498972702,3.72,3.8,3.2,3.4
1498972732,3.72,3.8,3.24,3.4
1498972763,3.72,3.8,3.24,3.44
1498972793,3.72,3.8,3.24,3.4
1498972823,3.72,3.8,3.24,3.4
1498972854,3.72,3.8,3.24,3.44
1498972885,3.72,3.8,3.2,3.4
1498972915,3.72,3.8,3.2,3.44
1498972945,3.72,3.8,3.24,3.4
1498972976,3.72,3.8,3.24,3.4
1498973006,3.72,3.8,3.24,3.4
1498973037,3.72,3.8,3.24,3.4
1498973067,3.72,3.8,3.24,3.4
1498973098,3.72,3.8,3.24,3.4
1498973128,3.72,3.8,3.24,3.4
1498973158,3.72,3.8,3.24,3.4
1498973188,3.72,3.8,3.24,3.4
1498973219,3.72,3.8,3.24,3.4
1498973249,3.72,3.8,3.24,3.4
1498973280,3.72,3.8,3.24,3.4
1498973310,3.72,3.8,3.2,3.4
1498973341,3.72,3.8,3.24,3.4
1498973371,3.72,3.8,3.24,3.4
1498973402,3.72,3.8,3.24,3.44
1498973432,3.72,3.8,3.24,3.4
1498973462,3.72,3.8,3.24,3.44
1498973493,3.72,3.8,3.24,3.4
1498973523,3.72,3.8,3.24,3.4
1498973554,3.72,3.8,3.2,3.44
1498973584,3.72,3.8,3.2,3.44
1498973615,3.72,3.8,3.24,3.4
1498973645,3.72,3.8,3.24,3.4
1498973676,3.72,3.8,3.24,3.4
1498973706,3.72,3.8,3.24,3.44
1498973737,3.72,3.8,3.24,3.4
1498973767,3.72,3.8,3.24,3.4
1498973798,3.72,3.8,3.24,3.4
1498973828,3.72,3.8,3.24,3.44
1498973858,3.72,3.8,3.24,3.4
1498973889,3.68,3.8,3.24,3.4
1498973919,3.68,3.8,3.2,3.4
1498973950,3.72,3.8,3.24,3.4
1498973980,3.68,3.8,3.2,3.4
1498974010,3.68,3.8,3.2,3.44
1498974041,3.68,3.8,3.2,3.4
1498974071,3.68,3.8,3.24,3.4
1498974101,3.68,3.8,3.24,3.4
1498974132,3.72,3.8,3.24,3.4
1498974163,3.68,3.8,3.24,3.4
1498974193,3.64,3.8,3.24,3.4
1498974224,3.68,3.8,3.2,3.4
1498974255,3.68,3.8,3.24,3.4
1498974285,3.64,3.76,3.24,3.4
1498974315,3.64,3.8,3.24,3.44
1498974346,3.68,3.76,3.24,3.4
1498974377,3.64,3.76,3.24,3.4
1498974407,3.64,3.76,3.2,3.4
1498974438,3.64,3.8,3.2,3.4
1498974468,3.68,3.76,3.24,3.4
1498974498,3.64,3.76,3.24,3.4
1498974529,3.64,3.76,3.24,3.4
1498974559,3.64,3.76,3.24,3.4
1498974589,3.64,3.8,3.2,3.4
1498974620,3.64,3.76,3.24,3.4
1498974651,3.64,3.76,3.2,3.4
1498974681,3.64,3.76,3.2,3.4
1498974711,3.64,3.76,3.24,3.4
1498974742,3.64,3.76,3.2,3.4
1498974772,3.64,3.76,3.24,3.4
1498974802,3.64,3.76,3.24,3.4
1498974833,3.64,3.76,3.24,3.44
1498974863,3.64,3.76,3.24,3.4
1498974893,3.64,3.76,3.24,3.4
1498974923,3.64,3.76,3.24,3.4
1498974954,3.64,3.76,3.24,3.44
1498974984,3.64,3.76,3.2,3.4
1498975015,3.64,3.76,3.24,3.4
1498975045,3.64,3.76,3.24,3.4
1498975076,3.64,3.76,3.24,3.44
1498975106,3.64,3.76,3.24,3.4
1498975137,3.64,3.76,3.24,3.4
1498975167,3.64,3.76,3.2,3.4
1498975197,3.64,3.76,3.24,3.4
1498975228,3.64,3.76,3.24,3.4
1498975258,3.64,3.76,3.24,3.4
1498975289,3.64,3.76,3.24,3.4
1498975319,3.64,3.76,3.24,3.4
1498975350,3.64,3.76,3.24,3.4
1498975380,3.64,3.76,3.24,3.4
1498975411,3.64,3.76,3.24,3.4
1498975441,3.64,3.76,3.24,3.44
1498975472,3.64,3.76,3.24,3.4
1498975503,3.64,3.76,3.24,3.4
1498975533,3.64,3.76,3.24,3.4
1498975563,3.64,3.76,3.24,3.4
1498975594,3.64,3.76,3.24,3.4
1498975624,3.64,3.76,3.24,3.4
1498975655,3.64,3.76,3.2,3.4
1498975685,3.64,3.76,3.24,3.4
1498975716,3.64,3.76,3.24,3.44
1498975746,3.64,3.76,3.24,3.44
1498975777,3.64,3.76,3.24,3.4
1498975807,3.64,3.76,3.24,3.4
1498975837,3.64,3.76,3.24,3.4
1498975868,3.64,3.76,3.24,3.4
1498975898,3.64,3.76,3.24,3.4
1498975929,3.64,3.76,3.24,3.4
1498975959,3.64,3.76,3.24,3.4
1498975989,3.64,3.76,3.2,3.4
1498976019,3.64,3.76,3.24,3.4
1498976050,3.64,3.76,3.24,3.4
1498976080,3.64,3.76,3.24,3.4
1498976110,3.64,3.76,3.2,3.44
1498976141,3.64,3.76,3.24,3.4
1498976171,3.64,3.76,3.24,3.4
1498976202,3.64,3.76,3.24,3.44
1498976232,3.64,3.76,3.2,3.4
1498976263,3.64,3.76,3.24,3.4
1498976293,3.64,3.76,3.2,3.4
1498976324,3.64,3.76,3.24,3.4
1498976355,3.6,3.76,3.24,3.4
1498976385,3.64,3.76,3.24,3.44
1498976415,3.64,3.76,3.24,3.4
1498976446,3.64,3.76,3.24,3.4
1498976476,3.6,3.76,3.24,3.4
1498976506,3.64,3.76,3.24,3.4
1498976537,3.64,3.76,3.24,3.4
1498976568,3.64,3.76,3.24,3.44
1498976599,3.64,3.76,3.24,3.44
1498976629,3.64,3.76,3.24,3.4
1498976660,3.64,3.76,3.24,3.4
1498976690,3.64,3.76,3.24,3.4
1498976720,3.64,3.76,3.24,3.4
1498976750,3.6,3.76,3.24,3.4
1498976781,3.6,3.76,3.2,3.4
1498976811,3.64,3.76,3.24,3.4
1498976842,3.64,3.76,3.24,3.4
1498976872,3.64,3.72,3.2,3.4
1498976903,3.6,3.72,3.24,3.4
1498976933,3.6,3.72,3.24,3.44
1498976963,3.64,3.76,3.24,3.4
1498976994,3.6,3.76,3.2,3.4
1498977024,3.6,3.76,3.24,3.4
1498977055,3.6,3.72,3.2,3.4
1498977085,3.6,3.68,3.2,3.4
1498977115,3.6,3.72,3.2,3.4
1498977146,3.6,3.68,3.24,3.4
1498977176,3.6,3.68,3.24,3.4
1498977207,3.6,3.68,3.24,3.4
1498977238,3.6,3.72,3.24,3.4
1498977268,3.6,3.68,3.24,3.4
1498977298,3.6,3.72,3.24,3.44
1498977329,3.6,3.68,3.24,3.4
1498977359,3.6,3.76,3.2,3.4
1498977390,3.6,3.68,3.24,3.4
1498977421,3.6,3.72,3.24,3.4
1498977451,3.6,3.68,3.24,3.4
1498977481,3.6,3.68,3.24,3.4
1498977512,3.6,3.68,3.24,3.4
1498977542,3.6,3.68,3.24,3.4
1498977573,3.6,3.68,3.24,3.4
1498977604,3.6,3.68,3.24,3.4
1498977635,3.6,3.68,3.24,3.4
1498977665,3.6,3.68,3.24,3.4
1498977695,3.6,3.68,3.2,3.4
1498977725,3.6,3.68,3.24,3.4
1498977756,3.6,3.68,3.24,3.4
1498977787,3.6,3.68,3.24,3.44
1498977817,3.6,3.68,3.2,3.4
1498977847,3.6,3.68,3.24,3.4
1498977878,3.6,3.68,3.24,3.4
1498977909,3.6,3.68,3.2,3.44
1498977939,3.6,3.68,3.24,3.4
1498977970,3.6,3.68,3.24,3.4
1498978000,3.6,3.68,3.24,3.4
1498978031,3.6,3.68,3.24,3.4
1498978061,3.6,3.68,3.24,3.4
1498978092,3.6,3.68,3.24,3.4
1498978122,3.6,3.68,3.2,3.44
1498978153,3.6,3.68,3.2,3.4
1498978183,3.56,3.68,3.24,3.4
1498978213,3.56,3.68,3.24,3.4
1498978244,3.56,3.64,3.24,3.44
1498978274,3.56,3.64,3.24,3.4
1498978305,3.56,3.64,3.24,3.4
1498978335,3.56,3.64,3.24,3.4
1498978366,3.56,3.64,3.24,3.4
1498978396,3.56,3.64,3.24,3.4
1498978426,3.56,3.64,3.24,3.44
1498978457,3.56,3.64,3.24,3.4
1498978487,3.56,3.64,3.24,3.4
1498978517,3.56,3.64,3.24,3.4
1498978548,3.52,3.64,3.24,3.4
1498978579,3.52,3.6,3.24,3.4
1498978609,3.52,3.6,3.24,3.4
1498978640,3.52,3.6,3.24,3.4
1498978670,3.52,3.6,3.24,3.4
1498978701,3.52,3.6,3.24,3.4
1498978731,3.52,3.6,3.24,3.4
1498978761,3.52,3.6,3.24,3.4
1498978791,3.52,3.6,3.2,3.4
1498978822,3.48,3.6,3.24,3.4
1498978852,3.48,3.56,3.24,3.4
1498978882,3.48,3.56,3.24,3.4
1498978913,3.48,3.56,3.2,3.4
1498978943,3.48,3.56,3.24,3.4
1498978973,3.48,3.56,3.24,3.4
1498979003,3.48,3.56,3.24,3.4
1498979034,3.44,3.56,3.24,3.4
1498979064,3.44,3.52,3.24,3.4
1498979094,3.44,3.52,3.24,3.4
1498979125,3.44,3.52,3.24,3.4
1498979155,3.44,3.52,3.24,3.44
1498979185,3.4,3.52,3.24,3.4
1498979216,3.4,3.52,3.24,3.4
1498979246,3.4,3.48,3.24,3.4
1498979277,3.4,3.48,3.24,3.4
1498979307,3.4,3.48,3.2,3.4
1498979338,3.4,3.48,3.2,3.4
1498979369,3.36,3.48,3.2,3.4
1498979399,3.36,3.44,3.2,3.36
1498979429,3.36,3.44,3.2,3.32
1498979460,3.36,3.44,3.16,3.32
1498979490,3.32,3.44,3.16,3.32
1498979520,3.28,3.4,3.16,3.32
1498979551,3.28,3.4,3.16,3.32
1498979581,3.28,3.4,3.12,3.28
1498979612,3.28,3.4,3.12,3.28
1498979642,3.24,3.32,3.12,3.28
1498979673,3.24,3.32,3.12,3.24
1498979703,3.24,3.32,3.08,3.24
1498979733,3.2,3.28,3.08,3.24
1498979764,3.2,3.28,3.08,3.24
1498979794,3.2,3.28,3.04,3.2
1498979824,3.16,3.24,3.04,3.16
1498979855,3.16,3.24,2.96,3.16
1498979885,3.12,3.2,2.96,3.16
1498979916,3.12,3.2,2.96,3.12
1498979946,3.08,3.16,2.92,3.12
1498979976,3.04,3.16,2.88,3.08
1498980007,3.0,3.12,2.88,3.08
1498980037,2.96,3.04,2.84,3.0
1498980068,2.88,2.96,2.76,2.92
1498980098,2.8,2.92,2.72,2.88
1498980128,2.72,2.8,2.6,2.8
1498980159,2.6,2.72,2.52,2.68
1498980189,2.52,2.6,2.44,2.6
1498980220,2.44,2.52,2.32,2.52
1498980251,0.04,0.12,-0.04,0.12
1498980281,0.0,0.12,-0.04,0.12
1498980311,0.0,0.12,-0.04,0.12
1498980342,0.0,0.12,-0.04,0.12
1498980372,0.0,0.12,-0.08,0.12
1498980402,0.04,0.12,-0.04,0.12
1498980433,0.0,0.12,-0.04,0.12
1498980463,0.0,0.12,-0.04,0.12
1498980494,0.0,0.12,-0.04,0.12
1498980524,0.04,0.12,-0.04,0.12
1498980555,0.0,0.12,-0.04,0.12
1498980586,0.0,0.12,-0.04,0.12
1498980616,0.0,0.12,-0.04,0.12
1498980646,0.0,0.12,-0.04,0.12
1498980677,0.04,0.12,-0.04,0.12
1498980707,0.0,0.12,-0.04,0.12
1498980737,0.0,0.12,-0.04,0.12
1498980768,0.0,0.12,-0.04,0.12
1498980798,0.0,0.12,-0.04,0.12
1498980829,0.0,0.12,-0.04,0.12
1498980859,0.0,0.12,-0.04,0.12
1498980889,0.0,0.12,-0.04,0.12
1498980920,0.0,0.12,-0.04,0.12
1498980950,0.0,0.12,-0.04,0.12
1498980981,0.0,0.12,-0.04,0.12
1498981011,0.0,0.12,-0.04,0.12
1498981041,0.0,0.12,-0.04,0.12
1498981072,0.0,0.12,-0.04,0.12
1498981102,0.0,0.12,-0.04,0.12
1498981133,0.04,0.12,-0.04,0.12
1498981163,0.0,0.12,-0.04,0.12
1498981194,0.0,0.12,-0.04,0.12
1498981224,0.0,0.12,-0.04,0.08
1498981254,0.12,0.2,-0.04,0.12
1498981285,0.12,0.2,-0.04,0.12
1498981315,0.12,0.2,-0.04,0.12
1498981345,0.12,0.2,-0.04,0.12
1498981376,0.12,0.2,-0.04,0.12
1498981406,0.12,0.2,-0.04,0.12
1498981436,0.12,0.2,-0.04,0.12
1498981467,0.12,0.2,-0.04,0.12
1498981497,0.12,0.2,-0.04,0.12
1498981528,0.12,0.2,-0.04,0.12
1498981558,0.12,0.2,-0.04,0.12
1498981589,0.12,0.2,-0.04,0.12
1498981619,0.12,0.2,-0.04,0.12
1498981649,0.12,0.2,-0.04,0.12
1498981680,0.12,0.2,-0.04,0.12
1498981710,0.12,0.2,-0.04,0.12
1498981740,0.12,0.2,-0.04,0.12
1498981771,0.12,0.2,-0.04,0.08
1498981801,0.12,0.2,-0.04,0.08
1498981832,0.12,0.2,-0.04,0.12
1498981862,0.12,0.2,-0.04,0.08
1498981892,0.12,0.2,-0.04,0.12
1498981923,0.12,0.2,-0.04,0.12
1498981953,0.12,0.2,-0.04,0.12
1498981983,0.12,0.2,-0.04,0.08
1498982014,0.12,0.2,-0.04,0.12
1498982044,0.12,0.2,-0.04,0.12
1498982074,0.12,0.2,-0.04,0.12
1498982104,0.12,0.2,-0.04,0.12
1498982135,0.12,0.2,-0.04,0.12
1498982165,0.12,0.2,-0.04,0.08
1498982195,0.12,0.2,-0.04,0.12
1498982226,0.12,0.2,-0.04,0.12
1498982256,0.12,0.2,-0.04,0.12
1498982287,0.12,0.2,-0.04,0.12
1498982318,0.12,0.2,-0.04,0.12
1498982348,0.12,0.2,-0.04,0.12
1498982379,0.12,0.2,-0.04,0.12
1498982409,0.12,0.2,-0.04,0.12
1498982439,0.12,0.2,-0.04,0.12
1498982470,0.12,0.2,-0.04,0.12
1498982500,0.12,0.2,-0.04,0.12
1498982531,0.12,0.2,-0.04,0.08
1498982561,0.12,0.2,-0.04,0.12
1498982591,0.12,0.2,-0.04,0.12
